<?xml version="1.0" encoding="UTF-8"?>
<woss>
	<gather class="com.briup.woss.client.GatherImpl">
		<nas-ip>127.0.0.1</nas-ip>
		<src-file>log/radwtmp</src-file>
		<!-- <src-file>src/com/briup/woss/radwtmp/radwtmp</src-file> -->
	</gather>
	<client class="com.briup.woss.client.ClientImpl">
		<ip>127.0.0.1</ip>
		<port>9000</port>
	</client>
	<server class="com.briup.woss.server.ServerImpl">
		<port>9000</port>
	</server>
	<dbstore class="com.briup.woss.server.DBStoreImpl">
		<url>jdbc:mysql://localhost:5529/woss</url>
		<!-- <url>jdbc:oracle:thin:@localhost:1521:XE</url> -->
		<driver>com.mysql.jdbc.Driver</driver>
		<!-- <driver>oracle.jdbc.driver.OracleDriver</driver> -->
		<userName>briup</userName>
		<passWord>briup</passWord>
		<batch-size>50</batch-size>
	</dbstore>
	<logger class="com.briup.woss.common.LoggerImpl">
		<log-properties>src/log4j.properties</log-properties>
	</logger>
	<backup class="com.briup.woss.common.BackupImpl">
		<back-temp>log/</back-temp>
		<!-- <back-temp>src/com/briup/woss/radwtmp/</back-temp> -->
	</backup>
</woss>